,word,cnt,pos
0,love,92,noun
1,言葉,47,noun
2,世界,36,noun
3,face,36,noun
4,願い,32,noun
5,feel,31,noun
6,read,29,noun
7,想い,26,noun
8,baby,25,noun
9,季節,24,noun
10,heart,24,noun
11,crazy,24,noun
12,そば,22,noun
13,記憶,21,noun
14,大丈夫,20,noun
15,遠く,19,noun
16,思い出,19,noun
17,ひとつ,18,noun
18,いま,18,noun
19,意味,18,noun
20,不安,18,noun
21,好き,18,noun
22,day,18,noun
23,痛み,17,noun
24,景色,17,noun
25,すべて,17,noun
26,たち,17,noun
27,笑顔,17,noun
28,good,16,noun
29,祈り,16,noun
30,lie,15,noun
31,step,14,noun
32,場所,14,noun
33,永遠,14,noun
34,孤独,14,noun
35,未来,14,noun
36,time,14,noun
37,全て,13,noun
38,はず,13,noun
39,girl,13,noun
40,ill,12,noun
41,奇跡,12,noun
42,ぬくもり,12,noun
43,夜空,12,noun
44,悲しみ,12,noun
45,wanna,12,noun
46,yeah,12,noun
47,change,12,noun
48,答え,12,noun
49,セプテンバー,12,noun
50,twinkle,12,noun
51,long,12,noun
52,dan,12,noun
53,breaking,12,noun
54,mah,12,noun
55,鼓動,11,noun
56,昨日,11,noun
57,確か,11,noun
58,fool,11,noun
59,star,11,noun
60,自分,11,noun
61,気持ち,11,noun
62,days,11,noun
63,calendar,11,noun
64,最後,11,noun
65,lose,11,noun
66,手のひら,10,noun
67,帰り道,10,noun
68,僕ら,10,noun
69,lost,10,noun
70,dance,10,noun
71,どれ,10,noun
72,とき,10,noun
73,星屑,10,noun
74,ive,10,noun
75,poker,10,noun
76,ppppoker,10,noun
77,pppoker,10,noun
78,stay,9,noun
79,dream,9,noun
80,cool,9,noun
81,星座,9,noun
82,hear,9,noun
83,leave,9,noun
84,loves,9,noun
85,花びら,9,noun
86,break,9,noun
87,ホント,9,noun
88,hard,9,noun
89,la,8,noun
90,向こう,8,noun
91,わたし,8,noun
92,sound,8,noun
93,みたい,8,noun
94,sleep,8,noun
95,眠り,8,noun
96,hand,8,noun
97,キミ,8,noun
98,ひとり,8,noun
99,eyes,8,noun
100,理由,8,noun
101,時間,8,noun
102,cama,8,noun
103,dust,8,noun
104,だらけ,7,noun
105,曖昧,7,noun
106,魔法,7,noun
107,night,7,noun
108,太陽,7,noun
109,song,7,noun
110,今夜,7,noun
111,みんな,7,noun
112,あと,7,noun
113,future,7,noun
114,darlin,7,noun
115,全部,7,noun
116,約束,7,noun
117,暗闇,7,noun
118,教室,7,noun
119,過去,7,noun
120,stars,7,noun
121,rhythm,7,noun
122,soul,7,noun
123,届け,7,noun
124,ただ,7,noun
125,綺麗,6,noun
126,花束,6,noun
127,sweet,6,noun
128,fear,6,noun
129,右手,6,noun
130,名前,6,noun
131,真夜中,6,noun
132,灯り,6,noun
133,moment,6,noun
134,deep,6,noun
135,beat,6,noun
136,eternal,6,noun
137,hold,6,noun
138,year,6,noun
139,hoping,6,noun
140,care,6,noun
141,fall,6,noun
142,bit,6,noun
143,なか,6,noun
144,ひかり,6,noun
145,子供,6,noun
146,ぼく,6,noun
147,ふたり,6,noun
148,午後,6,noun
149,ground,6,noun
150,duvi,6,noun
151,dudan,6,noun
152,flame,6,noun
153,ふり,5,noun
154,きり,5,noun
155,出会い,5,noun
156,地球,5,noun
157,気まぐれ,5,noun
158,ふたつ,5,noun
159,果て,5,noun
160,true,5,noun
161,日差し,5,noun
162,くせ,5,noun
163,幸せ,5,noun
164,静か,5,noun
165,わがまま,5,noun
166,彷徨,5,noun
167,一番,5,noun
168,背中,5,noun
169,世界中,5,noun
170,ママ,5,noun
171,truth,5,noun
172,touch,5,noun
173,knew,5,noun
174,大人,5,noun
175,通り,5,noun
176,夜明け,5,noun
177,sun,5,noun
178,feels,5,noun
179,sunny,5,noun
180,flying,5,noun
181,reason,5,noun
182,臆病,5,noun
183,calling,5,noun
184,ready,5,noun
185,神様,5,noun
186,囁き,5,noun
187,shine,5,noun
188,sing,5,noun
189,pray,5,noun
190,higher,5,noun
191,word,5,noun
192,singing,5,noun
193,sword,5,noun
194,wait,5,noun
195,bad,5,noun
196,sweetest,5,noun
197,wall,5,noun
198,無力,5,noun
199,goodbye,4,noun
200,life,4,noun
201,さよなら,4,noun
202,口づけ,4,noun
203,ノイズ,4,noun
204,部屋,4,noun
205,寂しげ,4,noun
206,地図,4,noun
207,dead,4,noun
208,行き場,4,noun
209,blue,4,noun
210,奇麗,4,noun
211,通り雨,4,noun
212,頼り,4,noun
213,大切,4,noun
214,everlasting,4,noun
215,不器用,4,noun
216,些細,4,noun
217,加速,4,noun
218,期待,4,noun
219,rain,4,noun
220,水面,4,noun
221,偽り,4,noun
222,秘密,4,noun
223,closer,4,noun
224,holding,4,noun
225,promise,4,noun
226,light,4,noun
227,一緒,4,noun
228,オーロラ,4,noun
229,start,4,noun
230,hearts,4,noun
231,whirl,4,noun
232,explain,4,noun
233,making,4,noun
234,stand,4,noun
235,wont,4,noun
236,starts,4,noun
237,街灯,4,noun
238,大事,4,noun
239,置き去り,4,noun
240,starting,4,noun
241,くし,4,noun
242,rainbows,4,noun
243,tonight,4,noun
244,ノート,4,noun
245,うた,4,noun
246,gimme,4,noun
247,minutes,4,noun
248,boring,4,noun
249,ache,4,noun
250,black,4,noun
251,mirror,4,noun
252,理想,4,noun
253,地上,4,noun
254,king,4,noun
255,後ろ,4,noun
256,はじめ,4,noun
257,羽根,4,noun
258,飛魚,4,noun
259,アーチ,4,noun
260,宝島,4,noun
261,high,4,noun
262,感情,4,noun
263,弱音,4,noun
264,endless,4,noun
265,needing,4,noun
266,dreamt,4,noun
267,大好き,4,noun
268,brave,4,noun
269,precious,4,noun
270,ya,4,noun
271,ooh,4,noun
272,ohhhh,4,noun
273,ohhoheohhohoh,4,noun
274,hot,4,noun
275,彼方,4,noun
276,ash,4,noun
277,youve,3,noun
278,happiness,3,noun
279,かなしみ,3,noun
280,仕草,3,noun
281,つもり,3,noun
282,ところ,3,noun
283,feeling,3,noun
284,月日,3,noun
285,宇宙,3,noun
286,waiting,3,noun
287,朝日,3,noun
288,シャツ,3,noun
289,素敵,3,noun
290,insane,3,noun
291,視界,3,noun
292,turning,3,noun
293,louder,3,noun
294,セリフ,3,noun
295,飽き,3,noun
296,melody,3,noun
297,木陰,3,noun
298,泣き虫,3,noun
299,五月,3,noun
300,想い出,3,noun
301,吐息,3,noun
302,越し,3,noun
303,snow,3,noun
304,bright,3,noun
305,鮮やか,3,noun
306,ダンス,3,noun
307,単純,3,noun
308,今更,3,noun
309,手前,3,noun
310,コト,3,noun
311,香り,3,noun
312,沈黙,3,noun
313,流れ,3,noun
314,互い,3,noun
315,におい,3,noun
316,dark,3,noun
317,breathe,3,noun
318,losing,3,noun
319,connection,3,noun
320,fade,3,noun
321,heartbeat,3,noun
322,sky,3,noun
323,ギター,3,noun
324,響き,3,noun
325,お似合い,3,noun
326,今宵,3,noun
327,march,3,noun
328,いくつ,3,noun
329,刹那,3,noun
330,電話,3,noun
331,一言,3,noun
332,cuz,3,noun
333,touchs,3,noun
334,kisss,3,noun
335,standing,3,noun
336,story,3,noun
337,unfold,3,noun
338,嘘つき,3,noun
339,欠片,3,noun
340,筋書き,3,noun
341,体温,3,noun
342,始まり,3,noun
343,ポケット,3,noun
344,一つ,3,noun
345,旅人,3,noun
346,音符,3,noun
347,place,3,noun
348,何もかも,3,noun
349,自信,3,noun
350,背伸び,3,noun
351,身体,3,noun
352,tiny,3,noun
353,リアル,3,noun
354,希望,3,noun
355,flavor,3,noun
356,fallacy,3,noun
357,ゼロ,3,noun
358,夢中,3,noun
359,屋上,3,noun
360,灰色,3,noun
361,陽炎,3,noun
362,youi,3,noun
363,sunlight,3,noun
364,universe,3,noun
365,偽物,3,noun
366,weve,3,noun
367,瞬間,3,noun
368,perfect,3,noun
369,blindness,3,noun
370,alright,3,noun
371,真昼,3,noun
372,live,3,noun
373,bells,3,noun
374,ringing,3,noun
375,roman,3,noun
376,cavalry,3,noun
377,choirs,3,noun
378,shield,3,noun
379,foreign,3,noun
380,field,3,noun
381,honest,3,noun
382,ruled,3,noun
383,beleave,3,noun
384,dreaming,3,noun
385,falling,3,noun
386,せい,3,noun
387,ダイヤモンド,3,noun
388,運命,3,noun
389,アップ,3,noun
390,kissing,3,noun
391,throw,3,noun
392,泣き顔,3,noun
393,hollow,3,noun
394,sorrow,3,noun
395,hands,3,noun
396,game,3,noun
397,em,3,noun
398,fun,3,noun
399,pictures,3,noun
400,三日月,3,noun
401,easy,3,noun
402,粉雪,3,noun
403,元気,3,noun
404,夜行,3,noun
405,列車,3,noun
406,stardust,3,noun
407,破片,3,noun
408,間違い,3,noun
409,フレーズ,3,noun
410,hope,2,noun
411,kind,2,noun
412,joy,2,noun
413,小鳥,2,noun
414,雷鳴,2,noun
415,傷跡,2,noun
416,返事,2,noun
417,人波,2,noun
418,何処,2,noun
419,花弁,2,noun
420,真夏,2,noun
421,雨上がり,2,noun
422,匂い,2,noun
423,明かり,2,noun
424,メロディー,2,noun
425,度目,2,noun
426,勇気,2,noun
427,続き,2,noun
428,不確か,2,noun
429,order,2,noun
430,waste,2,noun
431,noise,2,noun
432,loops,2,noun
433,センス,2,noun
434,ほう,2,noun
435,fate,2,noun
436,sees,2,noun
437,四月,2,noun
438,雲雀,2,noun
439,切れ間,2,noun
440,足早,2,noun
441,キャンドル,2,noun
442,足跡,2,noun
443,リボン,2,noun
444,happy,2,noun
445,ヘッドライト,2,noun
446,テール,2,noun
447,ランプ,2,noun
448,floating,2,noun
449,月明かり,2,noun
450,flowing,2,noun
451,指先,2,noun
452,嫌い,2,noun
453,残像,2,noun
454,かげ,2,noun
455,あやふや,2,noun
456,シラン,2,noun
457,音色,2,noun
458,救い,2,noun
459,公園,2,noun
460,夕陽,2,noun
461,近く,2,noun
462,乗り,2,noun
463,自転車,2,noun
464,thinking,2,noun
465,voice,2,noun
466,doors,2,noun
467,running,2,noun
468,unconsciously,2,noun
469,lights,2,noun
470,colors,2,noun
471,gonna,2,noun
472,lips,2,noun
473,coming,2,noun
474,walk,2,noun
475,かすか,2,noun
476,紅色,2,noun
477,mom,2,noun
478,場面,2,noun
479,いのち,2,noun
480,ひとりひとり,2,noun
481,キズナ,2,noun
482,かけがえ,2,noun
483,夕暮れ,2,noun
484,understand,2,noun
485,aint,2,noun
486,lies,2,noun
487,colours,2,noun
488,melancholy,2,noun
489,memory,2,noun
490,fading,2,noun
491,ends,2,noun
492,苦手,2,noun
493,溜息,2,noun
494,会話,2,noun
495,明り,2,noun
496,uh,2,noun
497,勢い,2,noun
498,向かい風,2,noun
499,片隅,2,noun
500,居場所,2,noun
501,ねつ,2,noun
502,お願い,2,noun
503,空回り,2,noun
504,everytime,2,noun
505,ホーム,2,noun
506,叫び,2,noun
507,miles,2,noun
508,starringchild,2,noun
509,足音,2,noun
510,行き先,2,noun
511,coast,2,noun
512,荷物,2,noun
513,分間,2,noun
514,west,2,noun
515,eden,2,noun
516,めまい,2,noun
517,heaven,2,noun
518,sign,2,noun
519,remains,2,noun
520,power,2,noun
521,alive,2,noun
522,bout,2,noun
523,revealed,2,noun
524,smash,2,noun
525,told,2,noun
526,miseries,2,noun
527,latch,2,noun
528,vagus,2,noun
529,nerve,2,noun
530,color,2,noun
531,bloodred,2,noun
532,white,2,noun
533,frenemies,2,noun
534,隙間,2,noun
535,後悔,2,noun
536,本物,2,noun
537,排中律,2,noun
538,不可逆,2,noun
539,無情,2,noun
540,リバース,2,noun
541,wake,2,noun
542,困難,2,noun
543,dancers,2,noun
544,廃墟,2,noun
545,綿毛,2,noun
546,ことば,2,noun
547,残響,2,noun
548,潮風,2,noun
549,逆さま,2,noun
550,rule,2,noun
551,結び目,2,noun
552,別々,2,noun
553,きれい,2,noun
554,ころ,2,noun
555,お姫様,2,noun
556,diamond,2,noun
557,鼻歌,2,noun
558,たん,2,noun
559,大げさ,2,noun
560,sung,2,noun
561,tone,2,noun
562,コード,2,noun
563,勇敢,2,noun
564,瞬き,2,noun
565,pm,2,noun
566,レンズ,2,noun
567,双眼鏡,2,noun
568,方位,2,noun
569,磁針,2,noun
570,喧噪,2,noun
571,弱気,2,noun
572,両足,2,noun
573,イバラ,2,noun
574,消し,2,noun
575,remember,2,noun
576,bed,2,noun
577,dawn,2,noun
578,noir,2,noun
579,wandering,2,noun
580,road,2,noun
581,begun,2,noun
582,searching,2,noun
583,catch,2,noun
584,繰り返し,2,noun
585,迷子,2,noun
586,roll,2,noun
587,held,2,noun
588,pillars,2,noun
589,sand,2,noun
590,missionaries,2,noun
591,jerusalem,2,noun
592,saint,2,noun
593,peter,2,noun
594,テディベア,2,noun
595,バッドエンド,2,noun
596,needle,2,noun
597,二つ,2,noun
598,tight,2,noun
599,finds,2,noun
600,bird,2,noun
601,さま,2,noun
602,knowi,2,noun
603,beg,2,noun
604,あした,2,noun
605,軌道,2,noun
606,radio,2,noun
607,クール,2,noun
608,イレース,2,noun
609,great,2,noun
610,hurtin,2,noun
611,ひと粒,2,noun
612,child,2,noun
613,deeply,2,noun
614,perfectly,2,noun
615,burned,2,noun
616,doubleedged,2,noun
617,ため息,2,noun
618,raise,2,noun
619,play,2,noun
620,内緒,2,noun
621,レコード,2,noun
622,songs,2,noun
623,wonderful,2,noun
624,あたし,2,noun
625,キラー,2,noun
626,木漏れ日,2,noun
627,今度,2,noun
628,moon,2,noun
629,river,2,noun
630,映画,2,noun
631,boy,2,noun
632,meets,2,noun
633,wrong,2,noun
634,standard,2,noun
635,ding,2,noun
636,dong,2,noun
637,monochrome,2,noun
638,モノクロ,2,noun
639,硝子,2,noun
640,earth,2,noun
641,とわ,2,noun
642,extraordinary,2,noun
643,adore,2,noun
644,freezing,2,noun
645,九月,2,noun
646,dry,2,noun
647,ココ,2,noun
648,高らか,2,noun
649,足取り,2,noun
650,darling,1,noun
651,bittersweet,1,noun
652,memories,1,noun
653,alwavs,1,noun
654,treats,1,noun
655,dreamed,1,noun
656,lovo,1,noun
657,可哀想,1,noun
658,目障り,1,noun
659,有象無象,1,noun
660,スパイス,1,noun
661,散々,1,noun
662,かい,1,noun
663,憎しみ,1,noun
664,愛情,1,noun
665,混沌,1,noun
666,惨憺,1,noun
667,heavenly,1,noun
668,願望,1,noun
669,悔恨,1,noun
670,きずな,1,noun
671,枯れ葉,1,noun
672,イチョウ,1,noun
673,並木,1,noun
674,あっという間,1,noun
675,目抜き通り,1,noun
676,一輪,1,noun
677,徒花,1,noun
678,渡り鳥,1,noun
679,夕べ,1,noun
680,待ち,1,noun
681,くり,1,noun
682,一片,1,noun
683,僅か,1,noun
684,境界,1,noun
685,後遺症,1,noun
686,存在,1,noun
687,不協和音,1,noun
688,静けさ,1,noun
689,透明,1,noun
690,狂気,1,noun
691,錯覚,1,noun
692,真冬,1,noun
693,アスファルト,1,noun
694,線路,1,noun
695,沿い,1,noun
696,ちぎれ雲,1,noun
697,街路,1,noun
698,amazing,1,noun
699,grace,1,noun
700,saved,1,noun
701,wretch,1,noun
702,blind,1,noun
703,物語,1,noun
704,仕合わせ,1,noun
705,呼吸,1,noun
706,目眩,1,noun
707,息継ぎ,1,noun
708,渇望,1,noun
709,天国,1,noun
710,幻想,1,noun
711,現実,1,noun
712,汚れ,1,noun
713,turn,1,noun
714,ナンバー,1,noun
715,outi,1,noun
716,difference,1,noun
717,desires,1,noun
718,request,1,noun
719,extreme,1,noun
720,dreamers,1,noun
721,brings,1,noun
722,fulfillment,1,noun
723,secret,1,noun
724,longing,1,noun
725,bolt,1,noun
726,steps,1,noun
727,雨宿り,1,noun
728,たび,1,noun
729,手招き,1,noun
730,わけ,1,noun
731,温度,1,noun
732,焦燥,1,noun
733,上手,1,noun
734,arrived,1,noun
735,ちの,1,noun
736,誰か,1,noun
737,今年,1,noun
738,pout,1,noun
739,恋人,1,noun
740,holiday,1,noun
741,スロープ,1,noun
742,バレリーナ,1,noun
743,横顔,1,noun
744,sleepless,1,noun
745,distance,1,noun
746,ループ,1,noun
747,refrain,1,noun
748,夢心地,1,noun
749,天使,1,noun
750,fairy,1,noun
751,tale,1,noun
752,nightingale,1,noun
753,木立,1,noun
754,若草,1,noun
755,裸足,1,noun
756,迷路,1,noun
757,花環,1,noun
758,愁い,1,noun
759,過ち,1,noun
760,水辺,1,noun
761,ブランコ,1,noun
762,子猫,1,noun
763,日暮れ,1,noun
764,夕飯,1,noun
765,肩車,1,noun
766,日曜,1,noun
767,トースト,1,noun
768,月曜日,1,noun
769,他愛,1,noun
770,流れ星,1,noun
771,キセキ,1,noun
772,fills,1,noun
773,mind,1,noun
774,anxiety,1,noun
775,attacking,1,noun
776,forgetting,1,noun
777,insomnia,1,noun
778,whispering,1,noun
779,comfort,1,noun
780,zone,1,noun
781,open,1,noun
782,door,1,noun
783,opened,1,noun
784,moving,1,noun
785,lapping,1,noun
786,energy,1,noun
787,surrounded,1,noun
788,spent,1,noun
789,pass,1,noun
790,gold,1,noun
791,clue,1,noun
792,lasts,1,noun
793,stuck,1,noun
794,replace,1,noun
795,feelings,1,noun
796,emotion,1,noun
797,overflowing,1,noun
798,sync,1,noun
799,touching,1,noun
800,soft,1,noun
801,soaring,1,noun
802,pulling,1,noun
803,softly,1,noun
804,burning,1,noun
805,flames,1,noun
806,promises,1,noun
807,meant,1,noun
808,anytime,1,noun
809,create,1,noun
810,image,1,noun
811,infinity,1,noun
812,path,1,noun
813,シワ,1,noun
814,拍手,1,noun
815,歓声,1,noun
816,メイン,1,noun
817,ディッシュ,1,noun
818,デザート,1,noun
819,フルコース,1,noun
820,特別,1,noun
821,絶対,1,noun
822,最悪,1,noun
823,片想い,1,noun
824,すずろ,1,noun
825,夢現,1,noun
826,面影,1,noun
827,流離,1,noun
828,つなぎ,1,noun
829,隠れ家,1,noun
830,とまどい,1,noun
831,行方,1,noun
832,あて,1,noun
833,january,1,noun
834,fine,1,noun
835,february,1,noun
836,valentine,1,noun
837,aisle,1,noun
838,april,1,noun
839,easter,1,noun
840,bunny,1,noun
841,smile,1,noun
842,dad,1,noun
843,june,1,noun
844,theyll,1,noun
845,junior,1,noun
846,prom,1,noun
847,july,1,noun
848,firecracker,1,noun
849,aglow,1,noun
850,august,1,noun
851,beach,1,noun
852,steal,1,noun
853,september,1,noun
854,candles,1,noun
855,sixteen,1,noun
856,october,1,noun
857,romeo,1,noun
858,juliet,1,noun
859,halloween,1,noun
860,november,1,noun
861,belong,1,noun
862,december,1,noun
863,neath,1,noun
864,christmas,1,noun
865,tree,1,noun
866,lov,1,noun
867,空気,1,noun
868,朝焼け,1,noun
869,下弦,1,noun
870,夜光,1,noun
871,沈み,1,noun
872,騒ぎ,1,noun
873,葉音,1,noun
874,不変,1,noun
875,十字,1,noun
876,ズルイ,1,noun
877,ヒドイ,1,noun
878,stare,1,noun
879,begging,1,noun
880,row,1,noun
881,funny,1,noun
882,pride,1,noun
883,blame,1,noun
884,talk,1,noun
885,friends,1,noun
886,quietly,1,noun
887,tennis,1,noun
888,shoes,1,noun
889,buy,1,noun
890,dress,1,noun
891,impress,1,noun
892,thought,1,noun
893,skips,1,noun
894,rig,1,noun
895,ht,1,noun
896,foolish,1,noun
897,playing,1,noun
898,sprung,1,noun
899,worse,1,noun
900,slip,1,noun
901,litte,1,noun
902,caught,1,noun
903,pain,1,noun
904,keeping,1,noun
905,grounded,1,noun
906,reality,1,noun
907,slipping,1,noun
908,crumbles,1,noun
909,jaded,1,noun
910,ページ,1,noun
911,こぼれ,1,noun
912,すがる,1,noun
913,果実,1,noun
914,かけ,1,noun
915,電車,1,noun
916,衝動,1,noun
917,残酷,1,noun
918,ベランダ,1,noun
919,手紙,1,noun
920,燦燦,1,noun
921,漏れ,1,noun
922,ステップ,1,noun
923,それぞれ,1,noun
924,smiling,1,noun
925,カメレオン,1,noun
926,逃避行,1,noun
927,スピード,1,noun
928,挫折,1,noun
929,真実,1,noun
930,輪郭,1,noun
931,りす,1,noun
932,るり,1,noun
933,宛て,1,noun
934,afraid,1,noun
935,window,1,noun
936,circles,1,noun
937,wouldnt,1,noun
938,trade,1,noun
939,素直,1,noun
940,本当,1,noun
941,ザラ,1,noun
942,耳鳴り,1,noun
943,真意,1,noun
944,リズム,1,noun
945,無垢,1,noun
946,ブレ,1,noun
947,星空,1,noun
948,無邪気,1,noun
949,必要,1,noun
950,メロディ,1,noun
951,空想,1,noun
952,交差点,1,noun
953,大粒,1,noun
954,矛先,1,noun
955,スピカ,1,noun
956,special,1,noun
957,tickets,1,noun
958,glum,1,noun
959,nightmare,1,noun
960,mere,1,noun
961,stoned,1,noun
962,control,1,noun
963,kill,1,noun
964,rooted,1,noun
965,anger,1,noun
966,mad,1,noun
967,pains,1,noun
968,blood,1,noun
969,sail,1,noun
970,shining,1,noun
971,lighthouse,1,noun
972,sailing,1,noun
973,戸惑い,1,noun
974,オール,1,noun
975,ギュ,1,noun
976,キュン,1,noun
977,おかげ,1,noun
978,パパ,1,noun
979,不思議,1,noun
980,テレパシー,1,noun
981,faster,1,noun
982,prouder,1,noun
983,frimer,1,noun
984,harder,1,noun
985,brighter,1,noun
986,braver,1,noun
987,loser,1,noun
988,longer,1,noun
989,faker,1,noun
990,ruler,1,noun
991,numb,1,noun
992,ベッド,1,noun
993,頭上,1,noun
994,あざやか,1,noun
995,未知,1,noun
996,プレパラート,1,noun
997,海鳥,1,noun
998,引き,1,noun
999,真ん中,1,noun
1000,絶景,1,noun
1001,天井,1,noun
1002,砂漠,1,noun
1003,絵本,1,noun
1004,笑い,1,noun
1005,reach,1,noun
1006,pull,1,noun
1007,dreams,1,noun
1008,queen,1,noun
1009,kingdom,1,noun
1010,wishing,1,noun
1011,ポッケ,1,noun
1012,遥か,1,noun
1013,簡単,1,noun
1014,不格好,1,noun
1015,無数,1,noun
1016,お互い,1,noun
1017,突風,1,noun
1018,朝陽,1,noun
1019,いらっしゃい,1,noun
1020,お菓子,1,noun
1021,予定,1,noun
1022,得意,1,noun
1023,喜色,1,noun
1024,満面,1,noun
1025,びしょぬれの,1,noun
1026,コントロール,1,noun
1027,大声,1,noun
1028,しぶき,1,noun
1029,狭間,1,noun
1030,夜光虫,1,noun
1031,額縁,1,noun
1032,まぶた,1,noun
1033,ウソ,1,noun
1034,つま,1,noun
1035,さき,1,noun
1036,真っ白,1,noun
1037,譜面,1,noun
1038,ひとつひとつ,1,noun
1039,torn,1,noun
1040,自由,1,noun
1041,旅路,1,noun
1042,ハレーション,1,noun
1043,坂道,1,noun
1044,南風,1,noun
1045,芝生,1,noun
1046,shaken,1,noun
1047,beautiful,1,noun
1048,vanish,1,noun
1049,手探り,1,noun
1050,hight,1,noun
1051,日射し,1,noun
1052,アサルム,1,noun
1053,ヒグラシ,1,noun
1054,笑み,1,noun
1055,退屈,1,noun
1056,奇妙,1,noun
1057,箱庭,1,noun
1058,水底,1,noun
1059,ぎざぎざ,1,noun
1060,こころ,1,noun
1061,温か,1,noun
1062,グランド,1,noun
1063,隅っこ,1,noun
1064,教科書,1,noun
1065,落書き,1,noun
1066,思い込み,1,noun
1067,たて,1,noun
1068,洋楽,1,noun
1069,春風,1,noun
1070,朝一,1,noun
1071,seas,1,noun
1072,rise,1,noun
1073,morning,1,noun
1074,sweep,1,noun
1075,streets,1,noun
1076,dice,1,noun
1077,enemys,1,noun
1078,listen,1,noun
1079,crowd,1,noun
1080,minute,1,noun
1081,key,1,noun
1082,walls,1,noun
1083,closed,1,noun
1084,discovered,1,noun
1085,castles,1,noun
1086,salt,1,noun
1087,jerualem,1,noun
1088,wicked,1,noun
1089,wild,1,noun
1090,wind,1,noun
1091,blew,1,noun
1092,shattered,1,noun
1093,windows,1,noun
1094,drums,1,noun
1095,people,1,noun
1096,revolutionaries,1,noun
1097,head,1,noun
1098,silver,1,noun
1099,plate,1,noun
1100,puppet,1,noun
1101,lonely,1,noun
1102,string,1,noun
1103,mis,1,noun
1104,sionaries,1,noun
1105,ohh,1,noun
1106,写真,1,noun
1107,フレーム,1,noun
1108,花瓶,1,noun
1109,ネイビー,1,noun
1110,コート,1,noun
1111,ドア,1,noun
1112,ハート,1,noun
1113,引き出し,1,noun
1114,意向,1,noun
1115,一部,1,noun
1116,歌詞,1,noun
1117,掲載,1,noun
1118,割愛,1,noun
1119,nights,1,noun
1120,nothings,1,noun
1121,sheets,1,noun
1122,wondering,1,noun
1123,意地っぱり,1,noun
1124,どぎまぎ,1,noun
1125,大半,1,noun
1126,すれ違い,1,noun
1127,憂さ,1,noun
1128,話し方,1,noun
1129,ステージ,1,noun
1130,真っ赤,1,noun
1131,fly,1,noun
1132,鳴き,1,noun
1133,dolulu,1,noun
1134,misery,1,noun
1135,kissed,1,noun
1136,左手,1,noun
1137,崩れ,1,noun
1138,独り,1,noun
1139,終末,1,noun
1140,わり,1,noun
1141,虚ろ,1,noun
1142,普遍,1,noun
1143,螺旋,1,noun
1144,此処,1,noun
1145,ヘルツ,1,noun
1146,パスワード,1,noun
1147,ダイヤル,1,noun
1148,アジャスト,1,noun
1149,波長,1,noun
1150,リライト,1,noun
1151,ジングル,1,noun
1152,憂鬱,1,noun
1153,軽快,1,noun
1154,単色,1,noun
1155,メイク,1,noun
1156,ハイ,1,noun
1157,サウンド,1,noun
1158,エネルギー,1,noun
1159,揺れ,1,noun
1160,amplitude,1,noun
1161,frequency,1,noun
1162,鼓膜,1,noun
1163,pops,1,noun
1164,rock,1,noun
1165,fusion,1,noun
1166,jazz,1,noun
1167,rampb,1,noun
1168,country,1,noun
1169,dj,1,noun
1170,ナイス,1,noun
1171,チョイス,1,noun
1172,ストレス,1,noun
1173,チー,1,noun
1174,イン,1,noun
1175,トロ,1,noun
1176,単調,1,noun
1177,グレード,1,noun
1178,背景,1,noun
1179,邪魔,1,noun
1180,オールイレース,1,noun
1181,ヨワネ,1,noun
1182,ボリューム,1,noun
1183,そん,1,noun
1184,チューニング,1,noun
1185,ワン,1,noun
1186,woobaby,1,noun
1187,treat,1,noun
1188,sad,1,noun
1189,missing,1,noun
1190,arms,1,noun
1191,separate,1,noun
1192,warm,1,noun
1193,embrace,1,noun
1194,loneliness,1,noun
1195,平気,1,noun
1196,ゴメンネ,1,noun
1197,ツライ,1,noun
1198,バイバイ,1,noun
1199,今さら,1,noun
1200,無理,1,noun
1201,繊細,1,noun
1202,wearing,1,noun
1203,haze,1,noun
1204,imaginary,1,noun
1205,resigned,1,noun
1206,dive,1,noun
1207,guessing,1,noun
1208,craze,1,noun
1209,drive,1,noun
1210,confusing,1,noun
1211,faith,1,noun
1212,oblivious,1,noun
1213,freedom,1,noun
1214,slowly,1,noun
1215,cutting,1,noun
1216,deepest,1,noun
1217,violently,1,noun
1218,screaming,1,noun
1219,trouble,1,noun
1220,doubt,1,noun
1221,eter,1,noun
1222,nal,1,noun
1223,知らん顔,1,noun
1224,texas,1,noun
1225,fold,1,noun
1226,hit,1,noun
1227,luck,1,noun
1228,intuition,1,noun
1229,cards,1,noun
1230,spades,1,noun
1231,hooked,1,noun
1232,pair,1,noun
1233,gambling,1,noun
1234,russian,1,noun
1235,roulette,1,noun
1236,gun,1,noun
1237,rough,1,noun
1238,isnt,1,noun
1239,ead,1,noun
1240,kiss,1,noun
1241,hug,1,noun
1242,bluffin,1,noun
1243,muffin,1,noun
1244,lying,1,noun
1245,stunnin,1,noun
1246,lovegluegunning,1,noun
1247,chick,1,noun
1248,casino,1,noun
1249,bank,1,noun
1250,pay,1,noun
1251,check,1,noun
1252,marvelous,1,noun
1253,ゆり,1,noun
1254,かご,1,noun
1255,寝顔,1,noun
1256,ぶり,1,noun
1257,昨夜,1,noun
1258,ロープ,1,noun
1259,決意,1,noun
1260,行く先,1,noun
1261,ポラリス,1,noun
1262,サーカス,1,noun
1263,シンプル,1,noun
1264,sunshine,1,noun
1265,wakes,1,noun
1266,色彩,1,noun
1267,窓辺,1,noun
1268,まり,1,noun
1269,朝露,1,noun
1270,寝息,1,noun
1271,巡り,1,noun
1272,無様,1,noun
1273,後ろ髪,1,noun
1274,両手,1,noun
1275,口数,1,noun
1276,斜め,1,noun
1277,三月,1,noun
1278,大人気,1,noun
1279,everyday,1,noun
1280,飛行機雲,1,noun
1281,バス停,1,noun
1282,本道,1,noun
1283,温もり,1,noun
1284,電池,1,noun
1285,wider,1,noun
1286,mile,1,noun
1287,crossing,1,noun
1288,style,1,noun
1289,maker,1,noun
1290,breaker,1,noun
1291,drifters,1,noun
1292,lot,1,noun
1293,bend,1,noun
1294,huckleberry,1,noun
1295,friend,1,noun
1296,シーン,1,noun
1297,ストーリー,1,noun
1298,manual,1,noun
1299,白黒,1,noun
1300,belief,1,noun
1301,leading,1,noun
1302,syndrome,1,noun
1303,きまぐれ,1,noun
1304,redeye,1,noun
1305,flight,1,noun
1306,yellow,1,noun
1307,warning,1,noun
1308,turns,1,noun
1309,green,1,noun
1310,giv,1,noun
1311,生まれたて,1,noun
1312,ナミダ,1,noun
1313,ショッピング,1,noun
1314,モール,1,noun
1315,マシ,1,noun
1316,空っぽ,1,noun
1317,judas,1,noun
1318,プライド,1,noun
1319,歌声,1,noun
1320,サイレン,1,noun
1321,代わり,1,noun
1322,教え,1,noun
1323,遊戯,1,noun
1324,手掛かり,1,noun
1325,cold,1,noun
1326,shatters,1,noun
1327,scorching,1,noun
1328,puts,1,noun
1329,足元,1,noun
1330,まなざし,1,noun
1331,改札,1,noun
1332,raining,1,noun
1333,breezing,1,noun
1334,上の空,1,noun
1335,バス,1,noun
1336,うろこ,1,noun
1337,ボンネット,1,noun
1338,ひき,1,noun
1339,カーブ,1,noun
1340,駐車,1,noun
1341,カセット,1,noun
1342,久しぶり,1,noun
1343,リフレイン,1,noun
1344,くど,1,noun
1345,うち,1,noun
1346,夕映え,1,noun
1347,時刻,1,noun
1348,歩道橋,1,noun
1349,階段,1,noun
1350,ライト,1,noun
1351,我儘,1,noun
1352,アルバム,1,noun
1353,去年,1,noun
1354,譲り,1,noun
1355,赤毛,1,noun
1356,みつ,1,noun
1357,あみ,1,noun
1358,ハサミ,1,noun
1359,大地,1,noun
1360,行列,1,noun
1361,ゴミ,1,noun
1362,サヨナラ,1,noun
1363,flag,1,noun
1364,rushing,1,noun
1365,rising,1,noun
1366,crown,1,noun
1367,amp,1,noun
1368,twofiveone,1,noun
1369,想像,1,noun
1370,以上,1,noun
1371,素顔,1,noun
1372,無限,1,noun
1373,beam,1,noun
1374,苦し紛れ,1,noun
0,消える,58,vern
1,笑う,50,vern
2,泣く,47,vern
3,見る,46,vern
4,知る,41,vern
5,見える,39,vern
6,忘れる,38,vern
7,変わる,32,vern
8,届く,29,vern
9,歩く,27,vern
10,探す,25,vern
11,重ねる,25,vern
12,聞く,24,vern
13,眠れる,24,vern
14,さよなら,23,vern
15,歌う,21,vern
16,思う,20,vern
17,気付く,20,vern
18,大丈夫,20,vern
19,響く,20,vern
20,見上げる,19,vern
21,会える,19,vern
22,伝える,19,vern
23,ねえ,18,vern
24,愛す,18,vern
25,輝く,18,vern
26,信じる,18,vern
27,揺れる,18,vern
28,不安,18,vern
29,好き,18,vern
30,続ける,17,vern
31,終わる,17,vern
32,つなぐ,17,vern
33,見つける,17,vern
34,触れる,16,vern
35,踊る,16,vern
36,壊れる,16,vern
37,叶う,16,vern
38,照らす,16,vern
39,帰る,16,vern
40,離す,15,vern
41,閉じる,15,vern
42,生きる,15,vern
43,わかる,15,vern
44,ありふれる,15,vern
45,伸ばす,15,vern
46,孤独,14,vern
47,みる,14,vern
48,守る,14,vern
49,抱きしめる,14,vern
50,出す,13,vern
51,溶ける,13,vern
52,会う,13,vern
53,咲く,13,vern
54,呼ぶ,13,vern
55,過ぎる,13,vern
56,包む,13,vern
57,出る,13,vern
58,待つ,13,vern
59,想う,13,vern
60,なれる,13,vern
61,笑える,12,vern
62,隠す,12,vern
63,言える,11,vern
64,傷つく,11,vern
65,出会える,11,vern
66,傷つける,11,vern
67,分かる,11,vern
68,確か,11,vern
69,強がる,11,vern
70,つく,11,vern
71,あげる,11,vern
72,止まる,10,vern
73,叫ぶ,10,vern
74,流す,10,vern
75,走る,10,vern
76,浮かぶ,10,vern
77,願う,10,vern
78,夢見る,10,vern
79,許す,10,vern
80,聞こえる,10,vern
81,ほら,10,vern
82,かまう,10,vern
83,なくなる,10,vern
84,ねる,10,vern
85,離れる,9,vern
86,合う,9,vern
87,届ける,9,vern
88,求める,9,vern
89,描く,9,vern
90,遠ざかる,9,vern
91,残す,9,vern
92,見せる,9,vern
93,教える,9,vern
94,あう,9,vern
95,だす,9,vern
96,震える,9,vern
97,怯える,8,vern
98,引き裂く,8,vern
99,眠る,8,vern
100,凍える,8,vern
101,飾る,8,vern
102,消す,8,vern
103,鳴らす,8,vern
104,みたい,8,vern
105,枯れる,8,vern
106,落ちる,8,vern
107,生まれ変わる,8,vern
108,たつ,8,vern
109,晴れる,8,vern
110,広がる,8,vern
111,繋ぐ,8,vern
112,取る,7,vern
113,曖昧,7,vern
114,結ぶ,7,vern
115,零れる,7,vern
116,憧れる,7,vern
117,流れる,7,vern
118,染める,7,vern
119,辿る,7,vern
120,覚める,7,vern
121,滲む,7,vern
122,明ける,7,vern
123,越える,7,vern
124,数える,7,vern
125,溢れる,7,vern
126,見つかる,7,vern
127,散る,7,vern
128,焦がす,7,vern
129,戻る,7,vern
130,吐く,7,vern
131,あえる,7,vern
132,すぎる,7,vern
133,残る,6,vern
134,舞う,6,vern
135,でる,6,vern
136,降る,6,vern
137,出会う,6,vern
138,綺麗,6,vern
139,迷う,6,vern
140,追いかける,6,vern
141,紡ぐ,6,vern
142,続く,6,vern
143,思い出す,6,vern
144,確かめる,6,vern
145,ふう,6,vern
146,濡れる,6,vern
147,覚える,6,vern
148,決める,6,vern
149,逃げる,6,vern
150,堕ちる,6,vern
151,見つめる,6,vern
152,吹く,6,vern
153,振る,6,vern
154,望む,6,vern
155,気づく,6,vern
156,選ぶ,6,vern
157,負う,6,vern
158,誓う,6,vern
159,負ける,6,vern
160,ほどける,6,vern
161,抱き締める,6,vern
162,さぁ,6,vern
163,抱く,6,vern
164,出せる,5,vern
165,満ちる,5,vern
166,壊せる,5,vern
167,いける,5,vern
168,ふるえる,5,vern
169,止める,5,vern
170,祈る,5,vern
171,振りほどく,5,vern
172,広げる,5,vern
173,呟く,5,vern
174,幸せ,5,vern
175,駆ける,5,vern
176,静か,5,vern
177,かじかむ,5,vern
178,歌える,5,vern
179,置く,5,vern
180,立つ,5,vern
181,寄せる,5,vern
182,奪う,5,vern
183,あふれる,5,vern
184,光る,5,vern
185,なくす,5,vern
186,かざす,5,vern
187,捨てる,5,vern
188,慣れる,5,vern
189,くぐる,5,vern
190,擦り切れる,5,vern
191,戻れる,5,vern
192,こむ,5,vern
193,無力,5,vern
194,さす,4,vern
195,染まる,4,vern
196,ふれる,4,vern
197,感じる,4,vern
198,守れる,4,vern
199,締め付ける,4,vern
200,気まぐれ,4,vern
201,沈む,4,vern
202,飛び立つ,4,vern
203,握る,4,vern
204,奇麗,4,vern
205,飛べる,4,vern
206,こぼれる,4,vern
207,大切,4,vern
208,不器用,4,vern
209,些細,4,vern
210,かける,4,vern
211,ぬぐいさる,4,vern
212,くすむ,4,vern
213,いれる,4,vern
214,渡る,4,vern
215,絡む,4,vern
216,色褪せる,4,vern
217,失う,4,vern
218,泣ける,4,vern
219,すれ違う,4,vern
220,大事,4,vern
221,去る,4,vern
222,消せる,4,vern
223,集める,4,vern
224,満たす,4,vern
225,立てる,4,vern
226,向き合う,4,vern
227,上げる,4,vern
228,歪む,4,vern
229,並べる,4,vern
230,飛ぶ,4,vern
231,拾う,4,vern
232,やる,4,vern
233,語る,4,vern
234,刻む,4,vern
235,着く,4,vern
236,作る,4,vern
237,奏でる,4,vern
238,引っ張る,4,vern
239,大好き,4,vern
240,更ける,4,vern
241,つける,4,vern
242,舞いあがる,4,vern
243,足りる,4,vern
244,乾く,3,vern
245,かき消す,3,vern
246,抜ける,3,vern
247,叶える,3,vern
248,返す,3,vern
249,塗りつぶす,3,vern
250,変える,3,vern
251,生まれる,3,vern
252,サヨナラ,3,vern
253,素敵,3,vern
254,めぐる,3,vern
255,逢う,3,vern
256,やむ,3,vern
257,忘れかける,3,vern
258,切り刻む,3,vern
259,すがりつく,3,vern
260,行ける,3,vern
261,抱える,3,vern
262,交わす,3,vern
263,増える,3,vern
264,差し込む,3,vern
265,色づく,3,vern
266,のせる,3,vern
267,思える,3,vern
268,鮮やか,3,vern
269,単純,3,vern
270,開ける,3,vern
271,誘う,3,vern
272,巡る,3,vern
273,まとう,3,vern
274,繰りかえす,3,vern
275,見守る,3,vern
276,疲れる,3,vern
277,つながる,3,vern
278,とる,3,vern
279,かなえる,3,vern
280,思い出せる,3,vern
281,なす,3,vern
282,映る,3,vern
283,かなう,3,vern
284,逃げ出す,3,vern
285,舞い上がる,3,vern
286,隠せる,3,vern
287,飛び出す,3,vern
288,閉じ込める,3,vern
289,枯らす,3,vern
290,夢中,3,vern
291,撒く,3,vern
292,込める,3,vern
293,おく,3,vern
294,戸惑う,3,vern
295,愛する,3,vern
296,恐れる,3,vern
297,振り返る,3,vern
298,すり抜ける,3,vern
299,狂う,3,vern
300,始める,3,vern
301,握りしめる,3,vern
302,しがみつく,3,vern
303,交わる,3,vern
304,さだめる,3,vern
305,灯す,3,vern
306,彩る,3,vern
307,おろす,3,vern
308,漂う,3,vern
309,照れる,3,vern
310,がんばる,3,vern
311,元気,3,vern
312,飛び乗る,3,vern
313,出逢う,3,vern
314,こわれる,3,vern
315,下さる,2,vern
316,見下ろす,2,vern
317,埋める,2,vern
318,尽くす,2,vern
319,伸びる,2,vern
320,吸い込む,2,vern
321,壊す,2,vern
322,解ける,2,vern
323,ぬれる,2,vern
324,揺らす,2,vern
325,打つ,2,vern
326,託す,2,vern
327,織りなす,2,vern
328,しれる,2,vern
329,ささくれる,2,vern
330,逢える,2,vern
331,すむ,2,vern
332,かかる,2,vern
333,歩む,2,vern
334,ひそめる,2,vern
335,凝らす,2,vern
336,不確か,2,vern
337,眺める,2,vern
338,立ち尽くす,2,vern
339,すぼめる,2,vern
340,羽ばたく,2,vern
341,添える,2,vern
342,ゆずれる,2,vern
343,仕舞う,2,vern
344,込む,2,vern
345,差し出す,2,vern
346,舞い降りる,2,vern
347,ぼる,2,vern
348,過ぎ去る,2,vern
349,包み込む,2,vern
350,ともす,2,vern
351,躓く,2,vern
352,流れ出す,2,vern
353,下りる,2,vern
354,とめる,2,vern
355,綴る,2,vern
356,嫌い,2,vern
357,にじむ,2,vern
358,繰り返す,2,vern
359,降り注ぐ,2,vern
360,濡らす,2,vern
361,あやふや,2,vern
362,哭く,2,vern
363,帰れる,2,vern
364,すりぬける,2,vern
365,たゆたう,2,vern
366,散らばる,2,vern
367,さらす,2,vern
368,ねぇ,2,vern
369,捧げる,2,vern
370,ゆずる,2,vern
371,錆びる,2,vern
372,ありがとう,2,vern
373,弾ける,2,vern
374,かすか,2,vern
375,香る,2,vern
376,手繰る,2,vern
377,繋がる,2,vern
378,合える,2,vern
379,信じ合える,2,vern
380,かかえる,2,vern
381,むく,2,vern
382,送る,2,vern
383,苦手,2,vern
384,みせる,2,vern
385,見逃す,2,vern
386,瞬く,2,vern
387,溺れる,2,vern
388,おちる,2,vern
389,降り積もる,2,vern
390,閉ざす,2,vern
391,増す,2,vern
392,うつむく,2,vern
393,かえる,2,vern
394,分ける,2,vern
395,おどける,2,vern
396,鳴り響く,2,vern
397,投げ出す,2,vern
398,微笑む,2,vern
399,持つ,2,vern
400,片寄せる,2,vern
401,見失う,2,vern
402,鳴らせる,2,vern
403,かう,2,vern
404,はみ出す,2,vern
405,繋げる,2,vern
406,ぶつかる,2,vern
407,揺る,2,vern
408,告げる,2,vern
409,乗せる,2,vern
410,押す,2,vern
411,あぁ,2,vern
412,問いただす,2,vern
413,無情,2,vern
414,刻める,2,vern
415,見つけだす,2,vern
416,飛び跳ねる,2,vern
417,与える,2,vern
418,困難,2,vern
419,浴びる,2,vern
420,ひび割れる,2,vern
421,かこむ,2,vern
422,轟く,2,vern
423,纏う,2,vern
424,導く,2,vern
425,漕ぐ,2,vern
426,暮れる,2,vern
427,見つけ出す,2,vern
428,入れる,2,vern
429,ちゃう,2,vern
430,ほどく,2,vern
431,別々,2,vern
432,きれい,2,vern
433,冷える,2,vern
434,きる,2,vern
435,乗り越える,2,vern
436,大げさ,2,vern
437,書き留める,2,vern
438,背負う,2,vern
439,勇敢,2,vern
440,曇る,2,vern
441,ざわめく,2,vern
442,喧噪,2,vern
443,追う,2,vern
444,眠らせる,2,vern
445,寝る,2,vern
446,張る,2,vern
447,臆病,2,vern
448,出来る,2,vern
449,合わせる,2,vern
450,付く,2,vern
451,束ねる,2,vern
452,散らす,2,vern
453,拭える,2,vern
454,つたう,2,vern
455,縫い合わせる,2,vern
456,済む,2,vern
457,差しのべる,2,vern
458,受け入れる,2,vern
459,超える,2,vern
460,進む,2,vern
461,弾む,2,vern
462,クール,2,vern
463,じゃう,2,vern
464,話す,2,vern
465,寄り添う,2,vern
466,向かう,2,vern
467,惑う,2,vern
468,こらえる,2,vern
469,聴く,2,vern
470,刺す,2,vern
471,膨らむ,2,vern
472,引く,2,vern
473,隣る,2,vern
474,温める,2,vern
475,踊れる,2,vern
476,放つ,2,vern
477,さまよう,2,vern
478,向ける,2,vern
479,ゆける,2,vern
480,許せる,2,vern
481,寄り添える,2,vern
482,悔やむ,2,vern
483,解き放つ,2,vern
484,選べる,2,vern
485,切る,2,vern
486,かかげる,2,vern
487,高らか,2,vern
488,進める,2,vern
489,要る,2,vern
490,あわれむ,1,vern
491,墜ちる,1,vern
492,涙ぐむ,1,vern
493,可哀想,1,vern
494,転がす,1,vern
495,構う,1,vern
496,汚れる,1,vern
497,目障り,1,vern
498,たべる,1,vern
499,請う,1,vern
500,黙り込む,1,vern
501,散々,1,vern
502,頬張る,1,vern
503,ふりつもる,1,vern
504,朽ちる,1,vern
505,駆け抜ける,1,vern
506,鳴く,1,vern
507,昏れる,1,vern
508,灯る,1,vern
509,僅か,1,vern
510,仕掛ける,1,vern
511,寄りかかる,1,vern
512,透明,1,vern
513,剥がす,1,vern
514,贈る,1,vern
515,もらう,1,vern
516,暖める,1,vern
517,うる,1,vern
518,ころぶ,1,vern
519,かばう,1,vern
520,仕合わせ,1,vern
521,霞む,1,vern
522,溶けだす,1,vern
523,描き出す,1,vern
524,たよる,1,vern
525,つきさす,1,vern
526,焼ける,1,vern
527,赦す,1,vern
528,ねがう,1,vern
529,絶える,1,vern
530,そら,1,vern
531,着ける,1,vern
532,たたく,1,vern
533,けとばす,1,vern
534,歩き疲れる,1,vern
535,鳴る,1,vern
536,煙る,1,vern
537,呼びかける,1,vern
538,ゆだねる,1,vern
539,伝わる,1,vern
540,憶える,1,vern
541,上手,1,vern
542,休める,1,vern
543,はしゃぐ,1,vern
544,そえる,1,vern
545,おこす,1,vern
546,足早,1,vern
547,縮まる,1,vern
548,解く,1,vern
549,落ち着く,1,vern
550,摘み取る,1,vern
551,近づく,1,vern
552,のみこむ,1,vern
553,差し伸べる,1,vern
554,目覚める,1,vern
555,しらべる,1,vern
556,遊ぶ,1,vern
557,焦げる,1,vern
558,さようなら,1,vern
559,うなずく,1,vern
560,割れる,1,vern
561,味わう,1,vern
562,食べる,1,vern
563,利く,1,vern
564,特別,1,vern
565,旅立つ,1,vern
566,最悪,1,vern
567,恋する,1,vern
568,すずろ,1,vern
569,待ちわびる,1,vern
570,詠む,1,vern
571,知れる,1,vern
572,すいこむ,1,vern
573,隠る,1,vern
574,恋い焦がれる,1,vern
575,通り抜ける,1,vern
576,鳴ける,1,vern
577,殺す,1,vern
578,噛む,1,vern
579,さがす,1,vern
580,抜け出せる,1,vern
581,いたむ,1,vern
582,泣きじゃくる,1,vern
583,おやすみ,1,vern
584,駆け込む,1,vern
585,潜む,1,vern
586,断つ,1,vern
587,ちりばめる,1,vern
588,つきあう,1,vern
589,こぼす,1,vern
590,誤魔化す,1,vern
591,砕ける,1,vern
592,かき集める,1,vern
593,途絶える,1,vern
594,書く,1,vern
595,足す,1,vern
596,縛りつける,1,vern
597,変わり果てる,1,vern
598,脱ぎ捨てる,1,vern
599,凍る,1,vern
600,くだる,1,vern
601,つぶやく,1,vern
602,醒める,1,vern
603,すてる,1,vern
604,寝転ぶ,1,vern
605,きらめく,1,vern
606,つっこむ,1,vern
607,乗る,1,vern
608,見慣れる,1,vern
609,飛び散る,1,vern
610,残酷,1,vern
611,居る,1,vern
612,生み出す,1,vern
613,産む,1,vern
614,羽ばたける,1,vern
615,まわる,1,vern
616,くりかえす,1,vern
617,立ちすくむ,1,vern
618,経つ,1,vern
619,わらう,1,vern
620,口ずさむ,1,vern
621,むすぶ,1,vern
622,戻せる,1,vern
623,咲き誇る,1,vern
624,騙す,1,vern
625,脱ぐ,1,vern
626,嘆く,1,vern
627,嫌う,1,vern
628,散りばめる,1,vern
629,浮かび上がる,1,vern
630,逃がす,1,vern
631,映す,1,vern
632,素直,1,vern
633,大人びる,1,vern
634,覗く,1,vern
635,すり替える,1,vern
636,混ぜる,1,vern
637,止む,1,vern
638,被せる,1,vern
639,拾える,1,vern
640,無垢,1,vern
641,演じる,1,vern
642,ちらかる,1,vern
643,似る,1,vern
644,振り回す,1,vern
645,かする,1,vern
646,終る,1,vern
647,詰める,1,vern
648,駆け出す,1,vern
649,無邪気,1,vern
650,塗る,1,vern
651,なぞる,1,vern
652,必要,1,vern
653,立ち止まる,1,vern
654,うすれる,1,vern
655,降らせる,1,vern
656,落とす,1,vern
657,かみしめる,1,vern
658,佇む,1,vern
659,行う,1,vern
660,目指す,1,vern
661,使う,1,vern
662,まわす,1,vern
663,させる,1,vern
664,湿る,1,vern
665,疼く,1,vern
666,つくす,1,vern
667,散らかす,1,vern
668,不思議,1,vern
669,違える,1,vern
670,分つ,1,vern
671,あざやか,1,vern
672,毟る,1,vern
673,ふきかえす,1,vern
674,またたく,1,vern
675,突き放す,1,vern
676,燃えさかる,1,vern
677,うずめる,1,vern
678,ひしめく,1,vern
679,うずまく,1,vern
680,あそぶ,1,vern
681,読む,1,vern
682,育てる,1,vern
683,回る,1,vern
684,入る,1,vern
685,迎える,1,vern
686,引っぱる,1,vern
687,遥か,1,vern
688,簡単,1,vern
689,黙る,1,vern
690,不格好,1,vern
691,緩める,1,vern
692,締める,1,vern
693,たぐる,1,vern
694,築く,1,vern
695,戦う,1,vern
696,生きのびる,1,vern
697,住みつく,1,vern
698,休む,1,vern
699,なさる,1,vern
700,癒す,1,vern
701,愛し合う,1,vern
702,みえる,1,vern
703,こぼれ落ちる,1,vern
704,得意,1,vern
705,塞ぐ,1,vern
706,戻す,1,vern
707,付ける,1,vern
708,とらえる,1,vern
709,仰ぐ,1,vern
710,真っ白,1,vern
711,澄む,1,vern
712,横切る,1,vern
713,自由,1,vern
714,はる,1,vern
715,謳う,1,vern
716,つまずく,1,vern
717,なおす,1,vern
718,焼き付ける,1,vern
719,追い越す,1,vern
720,汗ばむ,1,vern
721,かすめる,1,vern
722,弱気,1,vern
723,すがれる,1,vern
724,燃え盛る,1,vern
725,涸れる,1,vern
726,語りかける,1,vern
727,退屈,1,vern
728,くるしむ,1,vern
729,奇妙,1,vern
730,払いのける,1,vern
731,隠れる,1,vern
732,ぎざぎざ,1,vern
733,戯れる,1,vern
734,諦める,1,vern
735,温か,1,vern
736,ともる,1,vern
737,切り裂く,1,vern
738,摘む,1,vern
739,よろこぶ,1,vern
740,怒る,1,vern
741,まぎれる,1,vern
742,つれる,1,vern
743,古びる,1,vern
744,直る,1,vern
745,閉まる,1,vern
746,おる,1,vern
747,狭まる,1,vern
748,剥がれる,1,vern
749,絡ませる,1,vern
750,ふみだせる,1,vern
751,ぼける,1,vern
752,触れ合える,1,vern
753,参る,1,vern
754,驚く,1,vern
755,満たせる,1,vern
756,困る,1,vern
757,施す,1,vern
758,生む,1,vern
759,真っ赤,1,vern
760,溶かす,1,vern
761,こぐ,1,vern
762,しる,1,vern
763,うつ,1,vern
764,支える,1,vern
765,まどろむ,1,vern
766,問いかける,1,vern
767,虚ろ,1,vern
768,抜く,1,vern
769,証す,1,vern
770,苦しむ,1,vern
771,受け止める,1,vern
772,よがる,1,vern
773,架ける,1,vern
774,憂鬱,1,vern
775,苛立つ,1,vern
776,軽快,1,vern
777,もつ,1,vern
778,震わす,1,vern
779,躍る,1,vern
780,溜め込む,1,vern
781,キャッ,1,vern
782,単調,1,vern
783,絞る,1,vern
784,無理,1,vern
785,抱え込む,1,vern
786,繊細,1,vern
787,ほんと,1,vern
788,漏れる,1,vern
789,行き交う,1,vern
790,痛む,1,vern
791,いただける,1,vern
792,寄せ付ける,1,vern
793,助ける,1,vern
794,浸る,1,vern
795,みこむ,1,vern
796,留まる,1,vern
797,すすむ,1,vern
798,きれる,1,vern
799,ちる,1,vern
800,悩む,1,vern
801,シンプル,1,vern
802,招く,1,vern
803,伝う,1,vern
804,報う,1,vern
805,ふく,1,vern
806,架かる,1,vern
807,取りこぼす,1,vern
808,熟れる,1,vern
809,やれる,1,vern
810,そうね,1,vern
811,減る,1,vern
812,大人気,1,vern
813,焼きつける,1,vern
814,分かれる,1,vern
815,ぬぐう,1,vern
816,のばす,1,vern
817,連れ出す,1,vern
818,吹き付ける,1,vern
819,白む,1,vern
820,冷やす,1,vern
821,ごめん,1,vern
822,運ぶ,1,vern
823,ふりしきる,1,vern
824,たたずむ,1,vern
825,閉じこめる,1,vern
826,破れる,1,vern
827,逸れる,1,vern
828,踏みつける,1,vern
829,掻き集める,1,vern
830,当てる,1,vern
831,物語る,1,vern
832,はいる,1,vern
833,投げ捨てる,1,vern
834,掴む,1,vern
835,づける,1,vern
836,焦がれる,1,vern
837,見渡す,1,vern
838,通り過ぎる,1,vern
839,そらす,1,vern
840,降りる,1,vern
841,冴える,1,vern
842,はじめる,1,vern
843,すりきれる,1,vern
844,あきらめる,1,vern
845,動く,1,vern
846,飲み込む,1,vern
847,見送る,1,vern
848,燃やす,1,vern
849,振り向く,1,vern
850,引き留める,1,vern
851,切り落とす,1,vern
852,切れる,1,vern
853,まみれる,1,vern
854,転ぶ,1,vern
855,くださる,1,vern
856,囁く,1,vern
857,連れ去る,1,vern
858,からす,1,vern
859,振りかざす,1,vern
860,ふりだす,1,vern
861,踏み出す,1,vern
862,さらけだす,1,vern
863,もらえる,1,vern
864,憎む,1,vern
865,苦し紛れ,1,vern
866,滑り落ちる,1,vern
867,消え去る,1,vern
0,強い,40,adj
1,愛しい,33,adj
2,優しい,27,adj
3,悲しい,24,adj
4,遠い,21,adj
5,寂しい,21,adj
6,弱い,19,adj
7,白い,16,adj
8,恋しい,16,adj
9,冷たい,13,adj
10,青い,11,adj
11,幼い,11,adj
12,赤い,10,adj
13,深い,9,adj
14,儚い,8,adj
15,甘い,7,adj
16,美しい,7,adj
17,切ない,7,adj
18,懐かしい,7,adj
19,淡い,7,adj
20,怖い,7,adj
21,やさしい,6,adj
22,眩しい,6,adj
23,果てしない,6,adj
24,暗い,5,adj
25,小さい,5,adj
26,長い,5,adj
27,欲しい,5,adj
28,虚しい,5,adj
29,無い,5,adj
30,苦しい,4,adj
31,正しい,4,adj
32,大きい,4,adj
33,固い,4,adj
34,うれしい,4,adj
35,脆い,3,adj
36,良い,3,adj
37,頼り,3,adj
38,おもい,3,adj
39,熱い,3,adj
40,新しい,3,adj
41,くさい,3,adj
42,っぽい,3,adj
43,間違い,3,adj
44,辛い,2,adj
45,黒い,2,adj
46,浅い,2,adj
47,いたい,2,adj
48,暖かい,2,adj
49,つたない,2,adj
50,はかない,2,adj
51,高い,2,adj
52,きつい,2,adj
53,痛い,2,adj
54,よい,2,adj
55,堪え難い,1,adj
56,つつましい,1,adj
57,まぶしい,1,adj
58,醜い,1,adj
59,心許ない,1,adj
60,嬉しい,1,adj
61,ぼろい,1,adj
62,紅い,1,adj
63,他愛,1,adj
64,甘酸っぱい,1,adj
65,素晴らしい,1,adj
66,遅い,1,adj
67,惜しい,1,adj
68,おしい,1,adj
69,とめどない,1,adj
70,寒い,1,adj
71,つらい,1,adj
72,狭い,1,adj
73,こわい,1,adj
74,軽い,1,adj
75,情けない,1,adj
76,蒼い,1,adj
77,広い,1,adj
78,わるい,1,adj
79,古い,1,adj
80,真新しい,1,adj
81,激しい,1,adj
82,可愛い,1,adj
83,下らない,1,adj
84,哀しい,1,adj
85,まっくろい,1,adj
86,うまい,1,adj
87,心地よい,1,adj
88,何気ない,1,adj
89,若い,1,adj
90,もどかしい,1,adj
91,生ぬるい,1,adj
92,温かい,1,adj
93,苦い,1,adj
